id,name,dian_code,phone_prefix,city_id:id
res_city_zip_55030,55030,5002,4,base.res_city_co_5002
res_city_zip_546070,546070,54003,7,base.res_city_co_54003
res_city_zip_57460,57460,5004,4,base.res_city_co_5004
res_city_zip_507001,507001,50006,8,base.res_city_co_50006
res_city_zip_278010,278010,27006,4,base.res_city_co_27006
res_city_zip_417070,417070,41006,8,base.res_city_co_41006
res_city_zip_134020,134020,13006,5,base.res_city_co_13006
res_city_zip_414040,414040,41013,8,base.res_city_co_41013
res_city_zip_252850,252850,25001,1,base.res_city_co_25001
res_city_zip_205010,205010,20011,5,base.res_city_co_20011
res_city_zip_685521,685521,68013,7,base.res_city_co_68013
res_city_zip_172020,172020,17013,6,base.res_city_co_17013
res_city_zip_856010,856010,85010,8,base.res_city_co_85010
res_city_zip_202050,202050,20013,5,base.res_city_co_20013
res_city_zip_411001,411001,41016,8,base.res_city_co_41016
res_city_zip_253201,253201,25019,1,base.res_city_co_25019
res_city_zip_520557,520557,52019,2,base.res_city_co_52019
res_city_zip_186030,186030,18029,8,base.res_city_co_18029
res_city_zip_403001,403001,44035,5,base.res_city_co_44035
res_city_zip_684531,684531,68020,7,base.res_city_co_68020
res_city_zip_762040,762040,76020,2,base.res_city_co_76020
res_city_zip_524540,524540,52022,2,base.res_city_co_52022
res_city_zip_53820,53820,5021,4,base.res_city_co_5021
res_city_zip_472040,472040,47030,5,base.res_city_co_47030
res_city_zip_413040,413040,41020,8,base.res_city_co_41020
res_city_zip_194080,194080,19022,2,base.res_city_co_19022
res_city_zip_153020,153020,15022,8,base.res_city_co_15022
res_city_zip_734560,734560,73024,8,base.res_city_co_73024
res_city_zip_416020,416020,41026,8,base.res_city_co_41026
res_city_zip_276070,276070,27025,4,base.res_city_co_27025
res_city_zip_133501,133501,13030,5,base.res_city_co_13030
res_city_zip_730520,730520,73026,8,base.res_city_co_73026
res_city_zip_55840,55840,5030,4,base.res_city_co_5030
res_city_zip_52840,52840,5031,4,base.res_city_co_5031
res_city_zip_731001,731001,73030,8,base.res_city_co_73030
res_city_zip_252640,252640,25035,1,base.res_city_co_25035
res_city_zip_526001,526001,52036,2,base.res_city_co_52036
res_city_zip_763010,763010,76036,2,base.res_city_co_76036
res_city_zip_56060,56060,5034,4,base.res_city_co_5034
res_city_zip_55830,55830,5036,4,base.res_city_co_5036
res_city_zip_51810,51810,5038,4,base.res_city_co_5038
res_city_zip_253040,253040,25040,1,base.res_city_co_25040
res_city_zip_52850,52850,5040,4,base.res_city_co_5040
res_city_zip_177080,177080,17042,6,base.res_city_co_17042
res_city_zip_762010,762010,76041,2,base.res_city_co_76041
res_city_zip_56850,56850,5044,4,base.res_city_co_5044
res_city_zip_730540,730540,73043,8,base.res_city_co_73043
res_city_zip_57840,57840,5045,4,base.res_city_co_5045
res_city_zip_663030,663030,66045,6,base.res_city_co_66045
res_city_zip_252650,252650,25599,1,base.res_city_co_25599
res_city_zip_152420,152420,15047,8,base.res_city_co_15047
res_city_zip_472001,472001,47053,5,base.res_city_co_47053
res_city_zip_171040,171040,17050,6,base.res_city_co_17050
res_city_zip_682051,682051,68051,7,base.res_city_co_68051
res_city_zip_810001,810001,81001,7,base.res_city_co_81001
res_city_zip_816010,816010,81065,7,base.res_city_co_81065
res_city_zip_252001,252001,25053,1,base.res_city_co_25053
res_city_zip_520570,520570,52051,2,base.res_city_co_52051
res_city_zip_544550,544550,54051,7,base.res_city_co_54051
res_city_zip_57820,57820,5051,4,base.res_city_co_5051
res_city_zip_154201,154201,15051,8,base.res_city_co_15051
res_city_zip_134520,134520,13042,5,base.res_city_co_13042
res_city_zip_54830,54830,5055,4,base.res_city_co_5055
res_city_zip_195560,195560,19050,2,base.res_city_co_19050
res_city_zip_761510,761510,76054,2,base.res_city_co_76054
res_city_zip_475010,475010,47058,5,base.res_city_co_47058
res_city_zip_131020,131020,13052,5,base.res_city_co_13052
res_city_zip_55860,55860,5059,4,base.res_city_co_5059
res_city_zip_630001,630001,63001,6,base.res_city_co_63001
res_city_zip_732060,732060,73055,8,base.res_city_co_73055
res_city_zip_131560,131560,13062,5,base.res_city_co_13062
res_city_zip_201040,201040,20032,5,base.res_city_co_20032
res_city_zip_735050,735050,73067,8,base.res_city_co_73067
res_city_zip_272010,272010,27050,4,base.res_city_co_27050
res_city_zip_233530,233530,23068,4,base.res_city_co_23068
res_city_zip_271050,271050,27073,4,base.res_city_co_27073
res_city_zip_276030,276030,27075,4,base.res_city_co_27075
res_city_zip_275030,275030,27077,4,base.res_city_co_27077
res_city_zip_195530,195530,19075,2,base.res_city_co_19075
res_city_zip_662010,662010,66075,6,base.res_city_co_66075
res_city_zip_82020,82020,8078,5,base.res_city_co_8078
res_city_zip_411060,411060,41078,8,base.res_city_co_41078
res_city_zip_528060,528060,52079,2,base.res_city_co_52079
res_city_zip_51020,51020,5079,4,base.res_city_co_5079
res_city_zip_684511,684511,68077,7,base.res_city_co_68077
res_city_zip_684041,684041,68079,7,base.res_city_co_68079
res_city_zip_501001,501001,50110,8,base.res_city_co_50110
res_city_zip_687031,687031,68081,7,base.res_city_co_68081
res_city_zip_443040,443040,44078,5,base.res_city_co_44078
res_city_zip_133510,133510,13074,5,base.res_city_co_13074
res_city_zip_944010,944010,94343,8,base.res_city_co_94343
res_city_zip_80001,80001,8001,5,base.res_city_co_8001
res_city_zip_203001,203001,20045,5,base.res_city_co_20045
res_city_zip_177001,177001,17088,6,base.res_city_co_17088
res_city_zip_150640,150640,15087,8,base.res_city_co_15087
res_city_zip_521080,521080,52083,2,base.res_city_co_52083
res_city_zip_186010,186010,18094,8,base.res_city_co_18094
res_city_zip_664040,664040,66088,6,base.res_city_co_66088
res_city_zip_51050,51050,5088,4,base.res_city_co_5088
res_city_zip_51420,51420,5086,4,base.res_city_co_5086
res_city_zip_253260,253260,25086,1,base.res_city_co_25086
res_city_zip_152610,152610,15090,8,base.res_city_co_15090
res_city_zip_56070,56070,5091,4,base.res_city_co_5091
res_city_zip_150610,150610,15092,8,base.res_city_co_15092
res_city_zip_56860,56860,5093,4,base.res_city_co_5093
res_city_zip_686501,686501,68092,7,base.res_city_co_68092
res_city_zip_253220,253220,25095,1,base.res_city_co_25095
res_city_zip_151060,151060,15097,8,base.res_city_co_15097
res_city_zip_543010,543010,54099,7,base.res_city_co_54099
res_city_zip_110111,110111,11001,1,base.res_city_co_11001
res_city_zip_253001,253001,25099,1,base.res_city_co_25099
res_city_zip_277050,277050,27099,4,base.res_city_co_27099
res_city_zip_195001,195001,19100,2,base.res_city_co_19100
res_city_zip_685001,685001,68101,7,base.res_city_co_68101
res_city_zip_761001,761001,76100,2,base.res_city_co_76100
res_city_zip_201020,201020,20060,5,base.res_city_co_20060
res_city_zip_153610,153610,15104,8,base.res_city_co_15104
res_city_zip_52060,52060,5107,4,base.res_city_co_5107
res_city_zip_154670,154670,15106,8,base.res_city_co_15106
res_city_zip_680001,680001,68001,7,base.res_city_co_68001
res_city_zip_545550,545550,54109,7,base.res_city_co_54109
res_city_zip_764501,764501,76109,2,base.res_city_co_76109
res_city_zip_154840,154840,15109,8,base.res_city_co_15109
res_city_zip_233020,233020,23079,4,base.res_city_co_23079
res_city_zip_632040,632040,63111,6,base.res_city_co_63111
res_city_zip_702030,702030,70110,5,base.res_city_co_70110
res_city_zip_191001,191001,19110,2,base.res_city_co_19110
res_city_zip_520501,520501,52110,2,base.res_city_co_52110
res_city_zip_763001,763001,76113,2,base.res_city_co_76113
res_city_zip_57030,57030,5113,4,base.res_city_co_5113
res_city_zip_152080,152080,15114,8,base.res_city_co_15114
res_city_zip_252040,252040,25120,1,base.res_city_co_25120
res_city_zip_683501,683501,68121,7,base.res_city_co_68121
res_city_zip_501011,501011,50124,8,base.res_city_co_50124
res_city_zip_941010,941010,94886,8,base.res_city_co_94886
res_city_zip_52450,52450,5120,4,base.res_city_co_5120
res_city_zip_253020,253020,25123,1,base.res_city_co_25123
res_city_zip_546030,546030,54128,7,base.res_city_co_54128
res_city_zip_544010,544010,54125,7,base.res_city_co_54125
res_city_zip_56840,56840,5125,4,base.res_city_co_5125
res_city_zip_762540,762540,76122,2,base.res_city_co_76122
res_city_zip_704010,704010,70124,5,base.res_city_co_70124
res_city_zip_732501,732501,73124,8,base.res_city_co_73124
res_city_zip_190501,190501,19130,2,base.res_city_co_19130
res_city_zip_250240,250240,25126,1,base.res_city_co_25126
res_city_zip_131540,131540,13140,5,base.res_city_co_13140
res_city_zip_953001,953001,95015,8,base.res_city_co_95015
res_city_zip_632001,632001,63130,6,base.res_city_co_63130
res_city_zip_55440,55440,5129,4,base.res_city_co_5129
res_city_zip_154660,154660,15131,8,base.res_city_co_15131
res_city_zip_192040,192040,19137,2,base.res_city_co_19137
res_city_zip_760001,760001,76001,2,base.res_city_co_76001
res_city_zip_680511,680511,68132,7,base.res_city_co_68132
res_city_zip_760530,760530,76126,2,base.res_city_co_76126
res_city_zip_191070,191070,19142,2,base.res_city_co_19142
res_city_zip_52020,52020,5134,4,base.res_city_co_5134
res_city_zip_84040,84040,8137,5,base.res_city_co_8137
res_city_zip_413020,413020,41132,8,base.res_city_co_41132
res_city_zip_152640,152640,15135,8,base.res_city_co_15135
res_city_zip_235040,235040,23090,4,base.res_city_co_23090
res_city_zip_84020,84020,8141,5,base.res_city_co_8141
res_city_zip_763570,763570,76130,2,base.res_city_co_76130
res_city_zip_135060,135060,13160,5,base.res_city_co_13160
res_city_zip_57060,57060,5138,4,base.res_city_co_5138
res_city_zip_253460,253460,25148,1,base.res_city_co_25148
res_city_zip_681541,681541,68147,7,base.res_city_co_68147
res_city_zip_251820,251820,25151,1,base.res_city_co_25151
res_city_zip_53450,53450,5142,4,base.res_city_co_5142
res_city_zip_56040,56040,5145,4,base.res_city_co_5145
res_city_zip_681521,681521,68152,7,base.res_city_co_68152
res_city_zip_57850,57850,5147,4,base.res_city_co_5147
res_city_zip_733590,733590,73148,8,base.res_city_co_73148
res_city_zip_250420,250420,25154,1,base.res_city_co_25154
res_city_zip_277030,277030,27150,4,base.res_city_co_27150
res_city_zip_51840,51840,5150,4,base.res_city_co_5150
res_city_zip_130001,130001,13001,5,base.res_city_co_13001
res_city_zip_183010,183010,18150,8,base.res_city_co_18150
res_city_zip_762021,762021,76147,2,base.res_city_co_76147
res_city_zip_973001,973001,97161,8,base.res_city_co_97161
res_city_zip_731520,731520,73152,8,base.res_city_co_73152
res_city_zip_507041,507041,50150,8,base.res_city_co_50150
res_city_zip_52410,52410,5154,4,base.res_city_co_5154
res_city_zip_682061,682061,68160,7,base.res_city_co_68160
res_city_zip_230550,230550,23162,4,base.res_city_co_23162
res_city_zip_150620,150620,15162,8,base.res_city_co_15162
res_city_zip_681501,681501,68162,7,base.res_city_co_68162
res_city_zip_476020,476020,47161,5,base.res_city_co_47161
res_city_zip_272020,272020,27160,4,base.res_city_co_27160
res_city_zip_522001,522001,52240,2,base.res_city_co_52240
res_city_zip_253240,253240,25168,1,base.res_city_co_25168
res_city_zip_701010,701010,70230,5,base.res_city_co_70230
res_city_zip_856030,856030,85015,8,base.res_city_co_85015
res_city_zip_735560,735560,73168,8,base.res_city_co_73168
res_city_zip_682551,682551,68167,7,base.res_city_co_68167
res_city_zip_680551,680551,68169,7,base.res_city_co_68169
res_city_zip_250001,250001,25175,1,base.res_city_co_25175
res_city_zip_476060,476060,47170,5,base.res_city_co_47170
res_city_zip_57410,57410,5172,4,base.res_city_co_5172
res_city_zip_683001,683001,68176,7,base.res_city_co_68176
res_city_zip_232010,232010,23168,4,base.res_city_co_23168
res_city_zip_201050,201050,20175,5,base.res_city_co_20175
res_city_zip_541070,541070,54172,7,base.res_city_co_54172
res_city_zip_153280,153280,15172,8,base.res_city_co_15172
res_city_zip_176020,176020,17174,6,base.res_city_co_17174
res_city_zip_232050,232050,23182,4,base.res_city_co_23182
res_city_zip_251801,251801,25178,1,base.res_city_co_25178
res_city_zip_685551,685551,68179,7,base.res_city_co_68179
res_city_zip_154640,154640,15176,8,base.res_city_co_15176
res_city_zip_154020,154020,15232,8,base.res_city_co_15232
res_city_zip_203040,203040,20178,5,base.res_city_co_20178
res_city_zip_151401,151401,15180,8,base.res_city_co_15180
res_city_zip_151601,151601,15183,8,base.res_city_co_15183
res_city_zip_544030,544030,54174,7,base.res_city_co_54174
res_city_zip_154420,154420,15185,8,base.res_city_co_15185
res_city_zip_150240,150240,15187,8,base.res_city_co_15187
res_city_zip_153001,153001,15236,8,base.res_city_co_15236
res_city_zip_251620,251620,25181,1,base.res_city_co_25181
res_city_zip_250801,250801,25183,1,base.res_city_co_25183
res_city_zip_132550,132550,13188,5,base.res_city_co_13188
res_city_zip_478001,478001,47189,5,base.res_city_co_47189
res_city_zip_232520,232520,23189,4,base.res_city_co_23189
res_city_zip_153440,153440,15189,8,base.res_city_co_15189
res_city_zip_686041,686041,68190,7,base.res_city_co_68190
res_city_zip_631001,631001,63190,6,base.res_city_co_63190
res_city_zip_53050,53050,5190,4,base.res_city_co_5190
res_city_zip_56460,56460,5101,4,base.res_city_co_5101
res_city_zip_130510,130510,13222,5,base.res_city_co_13222
res_city_zip_54440,54440,5197,4,base.res_city_co_5197
res_city_zip_733501,733501,73200,8,base.res_city_co_73200
res_city_zip_250401,250401,25200,1,base.res_city_co_25200
res_city_zip_411080,411080,41206,8,base.res_city_co_41206
res_city_zip_521060,521060,52203,2,base.res_city_co_52203
res_city_zip_861040,861040,86219,8,base.res_city_co_86219
res_city_zip_707030,707030,70204,5,base.res_city_co_70204
res_city_zip_150201,150201,15204,8,base.res_city_co_15204
res_city_zip_53810,53810,5206,4,base.res_city_co_5206
res_city_zip_681511,681511,68207,7,base.res_city_co_68207
res_city_zip_56410,56410,5209,4,base.res_city_co_5209
res_city_zip_476030,476030,47205,5,base.res_city_co_47205
res_city_zip_273030,273030,27205,4,base.res_city_co_27205
res_city_zip_683531,683531,68209,7,base.res_city_co_68209
res_city_zip_522540,522540,52207,2,base.res_city_co_52207
res_city_zip_523080,523080,52210,2,base.res_city_co_52210
res_city_zip_683071,683071,68211,7,base.res_city_co_68211
res_city_zip_547050,547050,54206,7,base.res_city_co_54206
res_city_zip_51040,51040,5212,4,base.res_city_co_5212
res_city_zip_154860,154860,15212,8,base.res_city_co_15212
res_city_zip_132501,132501,13212,5,base.res_city_co_13212
res_city_zip_524001,524001,52215,2,base.res_city_co_52215
res_city_zip_632020,632020,63212,6,base.res_city_co_63212
res_city_zip_191560,191560,19212,2,base.res_city_co_19212
res_city_zip_682531,682531,68217,7,base.res_city_co_68217
res_city_zip_705030,705030,70215,5,base.res_city_co_70215
res_city_zip_152060,152060,15215,8,base.res_city_co_15215
res_city_zip_250010,250010,25214,1,base.res_city_co_25214
res_city_zip_230501,230501,23300,4,base.res_city_co_23300
res_city_zip_151040,151040,15218,8,base.res_city_co_15218
res_city_zip_706050,706050,70221,5,base.res_city_co_70221
res_city_zip_735020,735020,73217,8,base.res_city_co_73217
res_city_zip_812010,812010,81220,7,base.res_city_co_81220
res_city_zip_524560,524560,52224,2,base.res_city_co_52224
res_city_zip_151420,151420,15223,8,base.res_city_co_15223
res_city_zip_506001,506001,50223,8,base.res_city_co_50223
res_city_zip_154060,154060,15224,8,base.res_city_co_15224
res_city_zip_250450,250450,25224,1,base.res_city_co_25224
res_city_zip_540001,540001,54001,7,base.res_city_co_54001
res_city_zip_544520,544520,54223,7,base.res_city_co_54223
res_city_zip_152230,152230,15226,8,base.res_city_co_15226
res_city_zip_501021,501021,50226,8,base.res_city_co_50226
res_city_zip_991001,991001,99773,8,base.res_city_co_99773
res_city_zip_525001,525001,52227,2,base.res_city_co_52227
res_city_zip_526560,526560,52233,2,base.res_city_co_52233
res_city_zip_734040,734040,73226,8,base.res_city_co_73226
res_city_zip_186050,186050,18205,8,base.res_city_co_18205
res_city_zip_682041,682041,68229,7,base.res_city_co_68229
res_city_zip_203060,203060,20228,5,base.res_city_co_20228
res_city_zip_57430,57430,5234,4,base.res_city_co_5234
res_city_zip_760520,760520,76233,2,base.res_city_co_76233
res_city_zip_446001,446001,44090,5,base.res_city_co_44090
res_city_zip_444001,444001,44098,5,base.res_city_co_44098
res_city_zip_734540,734540,73236,8,base.res_city_co_73236
res_city_zip_51850,51850,5237,4,base.res_city_co_5237
res_city_zip_661001,661001,66170,6,base.res_city_co_66170
res_city_zip_150461,150461,15238,8,base.res_city_co_15238
res_city_zip_544510,544510,54239,7,base.res_city_co_54239
res_city_zip_55810,55810,5240,4,base.res_city_co_5240
res_city_zip_762001,762001,76243,2,base.res_city_co_76243
res_city_zip_52430,52430,5250,4,base.res_city_co_5250
res_city_zip_473040,473040,47245,5,base.res_city_co_47245
res_city_zip_761501,761501,76246,2,base.res_city_co_76246
res_city_zip_501041,501041,50245,8,base.res_city_co_50245
res_city_zip_272040,272040,27135,4,base.res_city_co_27135
res_city_zip_547070,547070,54245,7,base.res_city_co_54245
res_city_zip_271010,271010,27245,4,base.res_city_co_27245
res_city_zip_132050,132050,13244,5,base.res_city_co_13244
res_city_zip_686561,686561,68235,7,base.res_city_co_68235
res_city_zip_54030,54030,5148,4,base.res_city_co_5148
res_city_zip_506041,506041,50251,8,base.res_city_co_50251
res_city_zip_763520,763520,76248,2,base.res_city_co_76248
res_city_zip_527520,527520,52250,2,base.res_city_co_52250
res_city_zip_151280,151280,15244,8,base.res_city_co_15244
res_city_zip_252630,252630,25245,1,base.res_city_co_25245
res_city_zip_201010,201010,20238,5,base.res_city_co_20238
res_city_zip_181010,181010,18247,8,base.res_city_co_18247
res_city_zip_506021,506021,50270,8,base.res_city_co_50270
res_city_zip_761560,761560,76250,2,base.res_city_co_76250
res_city_zip_913010,913010,91263,8,base.res_city_co_91263
res_city_zip_151240,151240,15248,8,base.res_city_co_15248
res_city_zip_683061,683061,68245,7,base.res_city_co_68245
res_city_zip_132001,132001,13248,5,base.res_city_co_13248
res_city_zip_275050,275050,27250,4,base.res_city_co_27250
res_city_zip_444050,444050,44110,5,base.res_city_co_44110
res_city_zip_201030,201030,20250,5,base.res_city_co_20250
res_city_zip_181030,181030,18256,8,base.res_city_co_18256
res_city_zip_522080,522080,52254,2,base.res_city_co_52254
res_city_zip_133550,133550,13268,5,base.res_city_co_13268
res_city_zip_254020,254020,25258,1,base.res_city_co_25258
res_city_zip_685021,685021,68250,7,base.res_city_co_68250
res_city_zip_476001,476001,47258,5,base.res_city_co_47258
res_city_zip_687501,687501,68255,7,base.res_city_co_68255
res_city_zip_478060,478060,47268,5,base.res_city_co_47268
res_city_zip_951001,951001,95025,8,base.res_city_co_95025
res_city_zip_705050,705050,70233,5,base.res_city_co_70233
res_city_zip_250210,250210,25260,1,base.res_city_co_25260
res_city_zip_527030,527030,52256,2,base.res_city_co_52256
res_city_zip_54450,54450,5697,4,base.res_city_co_5697
res_city_zip_520530,520530,52258,2,base.res_city_co_52258
res_city_zip_193570,193570,19256,2,base.res_city_co_19256
res_city_zip_522060,522060,52260,2,base.res_city_co_52260
res_city_zip_548050,548050,54250,7,base.res_city_co_54250
res_city_zip_545510,545510,54261,7,base.res_city_co_54261
res_city_zip_417001,417001,41244,8,base.res_city_co_41244
res_city_zip_682541,682541,68264,7,base.res_city_co_68264
res_city_zip_681561,681561,68266,7,base.res_city_co_68266
res_city_zip_51430,51430,5264,4,base.res_city_co_5264
res_city_zip_55420,55420,5266,4,base.res_city_co_5266
res_city_zip_733520,733520,73268,8,base.res_city_co_73268
res_city_zip_253051,253051,25269,1,base.res_city_co_25269
res_city_zip_732001,732001,73270,8,base.res_city_co_73270
res_city_zip_171020,171020,17272,6,base.res_city_co_17272
res_city_zip_634001,634001,63272,6,base.res_city_co_63272
res_city_zip_152250,152250,15272,8,base.res_city_co_15272
res_city_zip_733510,733510,73275,8,base.res_city_co_73275
res_city_zip_180001,180001,18001,8,base.res_city_co_18001
res_city_zip_195040,195040,19290,2,base.res_city_co_19290
res_city_zip_150601,150601,15276,8,base.res_city_co_15276
res_city_zip_684541,684541,68271,7,base.res_city_co_68271
res_city_zip_763560,763560,76275,2,base.res_city_co_76275
res_city_zip_681001,681001,68276,7,base.res_city_co_68276
res_city_zip_251640,251640,25279,1,base.res_city_co_25279
res_city_zip_444010,444010,44279,5,base.res_city_co_44279
res_city_zip_814050,814050,81300,7,base.res_city_co_81300
res_city_zip_251830,251830,25281,1,base.res_city_co_25281
res_city_zip_528560,528560,52520,2,base.res_city_co_52520
res_city_zip_55070,55070,5282,4,base.res_city_co_5282
res_city_zip_731560,731560,73283,8,base.res_city_co_73283
res_city_zip_57450,57450,5284,4,base.res_city_co_5284
res_city_zip_504021,504021,50287,8,base.res_city_co_50287
res_city_zip_472020,472020,47288,5,base.res_city_co_47288
res_city_zip_523520,523520,52287,2,base.res_city_co_52287
res_city_zip_250020,250020,25286,1,base.res_city_co_25286
res_city_zip_250620,250620,25288,1,base.res_city_co_25288
res_city_zip_252211,252211,25290,1,base.res_city_co_25290
res_city_zip_251250,251250,25293,1,base.res_city_co_25293
res_city_zip_251020,251020,25295,1,base.res_city_co_25295
res_city_zip_154220,154220,15293,8,base.res_city_co_15293
res_city_zip_251230,251230,25297,1,base.res_city_co_25297
res_city_zip_684051,684051,68296,7,base.res_city_co_68296
res_city_zip_82001,82001,8296,5,base.res_city_co_8296
res_city_zip_702050,702050,70235,5,base.res_city_co_70235
res_city_zip_251240,251240,25299,1,base.res_city_co_25299
res_city_zip_205001,205001,20295,5,base.res_city_co_20295
res_city_zip_683031,683031,68298,7,base.res_city_co_68298
res_city_zip_152020,152020,15296,8,base.res_city_co_15296
res_city_zip_152860,152860,15299,8,base.res_city_co_15299
res_city_zip_414020,414020,41298,8,base.res_city_co_41298
res_city_zip_632080,632080,63302,6,base.res_city_co_63302
res_city_zip_414001,414001,41306,8,base.res_city_co_41306
res_city_zip_763510,763510,76306,2,base.res_city_co_76306
res_city_zip_57040,57040,5306,4,base.res_city_co_5306
res_city_zip_252431,252431,25307,1,base.res_city_co_25307
res_city_zip_51030,51030,5308,4,base.res_city_co_5308
res_city_zip_687541,687541,68307,7,base.res_city_co_68307
res_city_zip_51830,51830,5310,4,base.res_city_co_5310
res_city_zip_205030,205030,20310,5,base.res_city_co_20310
res_city_zip_545050,545050,54313,7,base.res_city_co_54313
res_city_zip_54410,54410,5313,4,base.res_city_co_5313
res_city_zip_252250,252250,25312,1,base.res_city_co_25312
res_city_zip_504001,504001,50313,8,base.res_city_co_50313
res_city_zip_681031,681031,68318,7,base.res_city_co_68318
res_city_zip_151220,151220,15317,8,base.res_city_co_15317
res_city_zip_763501,763501,76318,2,base.res_city_co_76318
res_city_zip_191087,191087,19300,2,base.res_city_co_19300
res_city_zip_250610,250610,25317,1,base.res_city_co_25317
res_city_zip_524580,524580,52317,2,base.res_city_co_52317
res_city_zip_763041,763041,76111,2,base.res_city_co_76111
res_city_zip_51820,51820,5315,4,base.res_city_co_5315
res_city_zip_416040,416040,41319,8,base.res_city_co_41319
res_city_zip_683051,683051,68320,7,base.res_city_co_68320
res_city_zip_253440,253440,25320,1,base.res_city_co_25320
res_city_zip_525501,525501,52320,2,base.res_city_co_52320
res_city_zip_524501,524501,52323,2,base.res_city_co_52323
res_city_zip_473020,473020,47318,5,base.res_city_co_47318
res_city_zip_507051,507051,50318,8,base.res_city_co_50318
res_city_zip_733540,733540,73319,8,base.res_city_co_73319
res_city_zip_196001,196001,19318,2,base.res_city_co_19318
res_city_zip_683011,683011,68322,7,base.res_city_co_68322
res_city_zip_703070,703070,70265,5,base.res_city_co_70265
res_city_zip_54050,54050,5318,4,base.res_city_co_5318
res_city_zip_251210,251210,25322,1,base.res_city_co_25322
res_city_zip_53840,53840,5321,4,base.res_city_co_5321
res_city_zip_252820,252820,25324,1,base.res_city_co_25324
res_city_zip_251060,251060,25326,1,base.res_city_co_25326
res_city_zip_153050,153050,15322,8,base.res_city_co_15322
res_city_zip_664010,664010,66318,6,base.res_city_co_66318
res_city_zip_684501,684501,68324,7,base.res_city_co_68324
res_city_zip_253210,253210,25328,1,base.res_city_co_25328
res_city_zip_251850,251850,25335,1,base.res_city_co_25335
res_city_zip_153040,153040,15325,8,base.res_city_co_15325
res_city_zip_685541,685541,68327,7,base.res_city_co_68327
res_city_zip_151440,151440,15332,8,base.res_city_co_15332
res_city_zip_251860,251860,25339,1,base.res_city_co_25339
res_city_zip_546510,546510,54344,7,base.res_city_co_54344
res_city_zip_133040,133040,13300,5,base.res_city_co_13300
res_city_zip_683571,683571,68344,7,base.res_city_co_68344
res_city_zip_852010,852010,85125,8,base.res_city_co_85125
res_city_zip_443020,443020,44378,5,base.res_city_co_44378
res_city_zip_55820,55820,5347,4,base.res_city_co_5347
res_city_zip_542010,542010,54347,7,base.res_city_co_54347
res_city_zip_731540,731540,73347,8,base.res_city_co_73347
res_city_zip_56450,56450,5353,4,base.res_city_co_5353
res_city_zip_413060,413060,41349,8,base.res_city_co_41349
res_city_zip_732040,732040,73349,8,base.res_city_co_73349
res_city_zip_730001,730001,73001,8,base.res_city_co_73001
res_city_zip_734020,734020,73352,8,base.res_city_co_73352
res_city_zip_523060,523060,52352,2,base.res_city_co_52352
res_city_zip_523020,523020,52354,2,base.res_city_co_52354
res_city_zip_940001,940001,94001,8,base.res_city_co_94001
res_city_zip_192531,192531,19355,2,base.res_city_co_19355
res_city_zip_524060,524060,52356,2,base.res_city_co_52356
res_city_zip_412060,412060,41357,8,base.res_city_co_41357
res_city_zip_418040,418040,41359,8,base.res_city_co_41359
res_city_zip_274010,274010,27361,4,base.res_city_co_27361
res_city_zip_55410,55410,5360,4,base.res_city_co_5360
res_city_zip_52070,52070,5361,4,base.res_city_co_5361
res_city_zip_152240,152240,15362,8,base.res_city_co_15362
res_city_zip_192020,192020,19364,2,base.res_city_co_19364
res_city_zip_764001,764001,76364,2,base.res_city_co_76364
res_city_zip_56050,56050,5364,4,base.res_city_co_5364
res_city_zip_153601,153601,15367,8,base.res_city_co_15367
res_city_zip_56010,56010,5368,4,base.res_city_co_5368
res_city_zip_150840,150840,15368,8,base.res_city_co_15368
res_city_zip_252810,252810,25368,1,base.res_city_co_25368
res_city_zip_684551,684551,68368,7,base.res_city_co_68368
res_city_zip_684011,684011,68370,7,base.res_city_co_68370
res_city_zip_81040,81040,8372,5,base.res_city_co_8372
res_city_zip_251220,251220,25372,1,base.res_city_co_25372
res_city_zip_276010,276010,27372,4,base.res_city_co_27372
res_city_zip_233501,233501,23350,4,base.res_city_co_23350
res_city_zip_415080,415080,41378,8,base.res_city_co_41378
res_city_zip_685061,685061,68377,7,base.res_city_co_68377
res_city_zip_251201,251201,25377,1,base.res_city_co_25377
res_city_zip_153220,153220,15380,8,base.res_city_co_15380
res_city_zip_55010,55010,5376,4,base.res_city_co_5376
res_city_zip_662030,662030,66383,6,base.res_city_co_66383
res_city_zip_914050,914050,91405,8,base.res_city_co_91405
res_city_zip_521020,521020,52378,2,base.res_city_co_52378
res_city_zip_760510,760510,76377,2,base.res_city_co_76377
res_city_zip_175030,175030,17380,6,base.res_city_co_17380
res_city_zip_546050,546050,54385,7,base.res_city_co_54385
res_city_zip_55460,55460,5380,4,base.res_city_co_5380
res_city_zip_522040,522040,52381,2,base.res_city_co_52381
res_city_zip_204060,204060,20383,5,base.res_city_co_20383
res_city_zip_942057,942057,94885,8,base.res_city_co_94885
res_city_zip_203020,203020,20400,5,base.res_city_co_20400
res_city_zip_445040,445040,44420,5,base.res_city_co_44420
res_city_zip_526501,526501,52385,2,base.res_city_co_52385
res_city_zip_505021,505021,50350,8,base.res_city_co_50350
res_city_zip_172060,172060,17388,6,base.res_city_co_17388
res_city_zip_252601,252601,25386,1,base.res_city_co_25386
res_city_zip_181050,181050,18410,8,base.res_city_co_18410
res_city_zip_253801,253801,25394,1,base.res_city_co_25394
res_city_zip_202010,202010,20621,5,base.res_city_co_20621
res_city_zip_685511,685511,68397,7,base.res_city_co_68397
res_city_zip_917010,917010,91407,8,base.res_city_co_91407
res_city_zip_253640,253640,25398,1,base.res_city_co_25398
res_city_zip_55060,55060,5390,4,base.res_city_co_5390
res_city_zip_415060,415060,41396,8,base.res_city_co_41396
res_city_zip_546530,546530,54398,7,base.res_city_co_54398
res_city_zip_992001,992001,99524,8,base.res_city_co_99524
res_city_zip_851010,851010,85136,8,base.res_city_co_85136
res_city_zip_194001,194001,19392,2,base.res_city_co_19392
res_city_zip_633020,633020,63401,6,base.res_city_co_63401
res_city_zip_527540,527540,52390,2,base.res_city_co_52390
res_city_zip_55020,55020,5400,4,base.res_city_co_5400
res_city_zip_521520,521520,52399,2,base.res_city_co_52399
res_city_zip_704050,704050,70400,5,base.res_city_co_70400
res_city_zip_761540,761540,76400,2,base.res_city_co_76400
res_city_zip_150860,150860,15403,8,base.res_city_co_15403
res_city_zip_194020,194020,19397,2,base.res_city_co_19397
res_city_zip_253610,253610,25402,1,base.res_city_co_25402
res_city_zip_155001,155001,15401,8,base.res_city_co_15401
res_city_zip_762510,762510,76403,2,base.res_city_co_76403
res_city_zip_916017,916017,91430,8,base.res_city_co_91430
res_city_zip_662001,662001,66400,6,base.res_city_co_66400
res_city_zip_542050,542050,54377,7,base.res_city_co_54377
res_city_zip_151840,151840,15377,8,base.res_city_co_15377
res_city_zip_686021,686021,68385,7,base.res_city_co_68385
res_city_zip_687571,687571,68406,7,base.res_city_co_68406
res_city_zip_527060,527060,52405,2,base.res_city_co_52405
res_city_zip_506061,506061,50400,8,base.res_city_co_50400
res_city_zip_250601,250601,25407,1,base.res_city_co_25407
res_city_zip_731020,731020,73408,8,base.res_city_co_73408
res_city_zip_910001,910001,91001,8,base.res_city_co_91001
res_city_zip_731040,731040,73411,8,base.res_city_co_73411
res_city_zip_51460,51460,5411,4,base.res_city_co_5411
res_city_zip_522501,522501,52411,2,base.res_city_co_52411
res_city_zip_271030,271030,27413,4,base.res_city_co_27413
res_city_zip_196060,196060,19418,2,base.res_city_co_19418
res_city_zip_231020,231020,23417,4,base.res_city_co_23417
res_city_zip_526520,526520,52418,2,base.res_city_co_52418
res_city_zip_235020,235020,23419,4,base.res_city_co_23419
res_city_zip_701050,701050,70418,5,base.res_city_co_70418
res_city_zip_541010,541010,54405,7,base.res_city_co_54405
res_city_zip_684001,684001,68418,7,base.res_city_co_68418
res_city_zip_545070,545070,54418,7,base.res_city_co_54418
res_city_zip_85060,85060,8421,5,base.res_city_co_8421
res_city_zip_152840,152840,15425,8,base.res_city_co_15425
res_city_zip_681531,681531,68425,7,base.res_city_co_68425
res_city_zip_53460,53460,5425,4,base.res_city_co_5425
res_city_zip_250840,250840,25426,1,base.res_city_co_25426
res_city_zip_250030,250030,25430,1,base.res_city_co_25430
res_city_zip_132511,132511,13430,5,base.res_city_co_13430
res_city_zip_528001,528001,52427,2,base.res_city_co_52427
res_city_zip_131040,131040,13433,5,base.res_city_co_13433
res_city_zip_442001,442001,44430,5,base.res_city_co_44430
res_city_zip_703050,703050,70429,5,base.res_city_co_70429
res_city_zip_682011,682011,68432,7,base.res_city_co_68432
res_city_zip_83020,83020,8433,5,base.res_city_co_8433
res_city_zip_525060,525060,52435,2,base.res_city_co_52435
res_city_zip_85020,85020,8436,5,base.res_city_co_8436
res_city_zip_441001,441001,44560,5,base.res_city_co_44560
res_city_zip_202001,202001,20443,5,base.res_city_co_20443
res_city_zip_854010,854010,85139,8,base.res_city_co_85139
res_city_zip_170001,170001,17001,6,base.res_city_co_17001
res_city_zip_250830,250830,25436,1,base.res_city_co_25436
res_city_zip_173020,173020,17433,6,base.res_city_co_17433
res_city_zip_503021,503021,50325,8,base.res_city_co_50325
res_city_zip_944057,944057,94663,8,base.res_city_co_94663
res_city_zip_133020,133020,13440,5,base.res_city_co_13440
res_city_zip_131060,131060,13442,5,base.res_city_co_13442
res_city_zip_54020,54020,5440,4,base.res_city_co_5440
res_city_zip_154820,154820,15442,8,base.res_city_co_15442
res_city_zip_178001,178001,17442,6,base.res_city_co_17442
res_city_zip_173040,173040,17444,6,base.res_city_co_17444
res_city_zip_661040,661040,66440,6,base.res_city_co_66440
res_city_zip_173001,173001,17446,6,base.res_city_co_17446
res_city_zip_680561,680561,68444,7,base.res_city_co_68444
res_city_zip_50001,50001,5001,4,base.res_city_co_5001
res_city_zip_251420,251420,25438,1,base.res_city_co_25438
res_city_zip_270070,270070,27425,4,base.res_city_co_27425
res_city_zip_275010,275010,27430,4,base.res_city_co_27430
res_city_zip_274030,274030,27450,4,base.res_city_co_27450
res_city_zip_734001,734001,73449,8,base.res_city_co_73449
res_city_zip_195060,195060,19450,2,base.res_city_co_19450
res_city_zip_505001,505001,50330,8,base.res_city_co_50330
res_city_zip_185030,185030,18460,8,base.res_city_co_18460
res_city_zip_152660,152660,15455,8,base.res_city_co_15455
res_city_zip_952001,952001,95200,8,base.res_city_co_95200
res_city_zip_191520,191520,19455,2,base.res_city_co_19455
res_city_zip_916057,916057,91460,8,base.res_city_co_91460
res_city_zip_664020,664020,66456,6,base.res_city_co_66456
res_city_zip_970001,970001,97001,8,base.res_city_co_97001
res_city_zip_860001,860001,86001,8,base.res_city_co_86001
res_city_zip_682501,682501,68464,7,base.res_city_co_68464
res_city_zip_682031,682031,68468,7,base.res_city_co_68468
res_city_zip_232001,232001,23464,4,base.res_city_co_23464
res_city_zip_132560,132560,13468,5,base.res_city_co_13468
res_city_zip_152001,152001,15464,8,base.res_city_co_15464
res_city_zip_152201,152201,15466,8,base.res_city_co_15466
res_city_zip_154260,154260,15469,8,base.res_city_co_15469
res_city_zip_55040,55040,5467,4,base.res_city_co_5467
res_city_zip_134070,134070,13458,5,base.res_city_co_13458
res_city_zip_234001,234001,23466,4,base.res_city_co_23466
res_city_zip_633001,633001,63470,6,base.res_city_co_63470
res_city_zip_230001,230001,23001,4,base.res_city_co_23001
res_city_zip_855010,855010,85162,8,base.res_city_co_85162
res_city_zip_231001,231001,23500,4,base.res_city_co_23500
res_city_zip_134540,134540,13473,5,base.res_city_co_13473
res_city_zip_190550,190550,19473,2,base.res_city_co_19473
res_city_zip_185010,185010,18479,8,base.res_city_co_18479
res_city_zip_943057,943057,94888,8,base.res_city_co_94888
res_city_zip_701070,701070,70473,5,base.res_city_co_70473
res_city_zip_250040,250040,25473,1,base.res_city_co_25473
res_city_zip_527580,527580,52473,2,base.res_city_co_52473
res_city_zip_154080,154080,15476,8,base.res_city_co_15476
res_city_zip_731060,731060,73461,8,base.res_city_co_73461
res_city_zip_56810,56810,5475,4,base.res_city_co_5475
res_city_zip_57420,57420,5480,4,base.res_city_co_5480
res_city_zip_544070,544070,54480,7,base.res_city_co_54480
res_city_zip_154880,154880,15480,8,base.res_city_co_15480
res_city_zip_54840,54840,5483,4,base.res_city_co_5483
res_city_zip_252830,252830,25483,1,base.res_city_co_25483
res_city_zip_522020,522020,52480,2,base.res_city_co_52480
res_city_zip_415020,415020,41483,8,base.res_city_co_41483
res_city_zip_735001,735001,73483,8,base.res_city_co_73483
res_city_zip_52420,52420,5495,4,base.res_city_co_5495
res_city_zip_57870,57870,5490,4,base.res_city_co_5490
res_city_zip_171001,171001,17486,6,base.res_city_co_17486
res_city_zip_410001,410001,41001,8,base.res_city_co_41001
res_city_zip_251030,251030,25486,1,base.res_city_co_25486
res_city_zip_252401,252401,25488,1,base.res_city_co_25488
res_city_zip_253630,253630,25489,1,base.res_city_co_25489
res_city_zip_152280,152280,15491,8,base.res_city_co_15491
res_city_zip_253620,253620,25491,1,base.res_city_co_25491
res_city_zip_175001,175001,17495,6,base.res_city_co_17495
res_city_zip_134510,134510,13490,5,base.res_city_co_13490
res_city_zip_273050,273050,27491,4,base.res_city_co_27491
res_city_zip_475020,475020,47460,5,base.res_city_co_47460
res_city_zip_153620,153620,15494,8,base.res_city_co_15494
res_city_zip_851070,851070,85225,8,base.res_city_co_85225
res_city_zip_276050,276050,27495,4,base.res_city_co_27495
res_city_zip_762501,762501,76497,2,base.res_city_co_76497
res_city_zip_682561,682561,68498,7,base.res_city_co_68498
res_city_zip_546551,546551,54498,7,base.res_city_co_54498
res_city_zip_683019,683019,68500,7,base.res_city_co_68500
res_city_zip_150220,150220,15500,8,base.res_city_co_15500
res_city_zip_51450,51450,5501,4,base.res_city_co_5501
res_city_zip_527560,527560,52490,2,base.res_city_co_52490
res_city_zip_682519,682519,68502,7,base.res_city_co_68502
res_city_zip_418001,418001,41503,8,base.res_city_co_41503
res_city_zip_862001,862001,86320,8,base.res_city_co_86320
res_city_zip_853050,853050,85230,8,base.res_city_co_85230
res_city_zip_735501,735501,73504,8,base.res_city_co_73504
res_city_zip_523040,523040,52506,2,base.res_city_co_52506
res_city_zip_155060,155060,15507,8,base.res_city_co_15507
res_city_zip_701030,701030,70508,5,base.res_city_co_70508
res_city_zip_153210,153210,15511,8,base.res_city_co_15511
res_city_zip_254001,254001,25513,1,base.res_city_co_25513
res_city_zip_972007,972007,97511,8,base.res_city_co_97511
res_city_zip_172040,172040,17513,6,base.res_city_co_17513
res_city_zip_191540,191540,19513,2,base.res_city_co_19513
res_city_zip_152620,152620,15514,8,base.res_city_co_15514
res_city_zip_192501,192501,19517,2,base.res_city_co_19517
res_city_zip_415040,415040,41518,8,base.res_city_co_41518
res_city_zip_204001,204001,20517,5,base.res_city_co_20517
res_city_zip_254040,254040,25518,1,base.res_city_co_25518
res_city_zip_150440,150440,15516,8,base.res_city_co_15516
res_city_zip_152401,152401,15518,8,base.res_city_co_15518
res_city_zip_412001,412001,41524,8,base.res_city_co_41524
res_city_zip_176040,176040,17524,6,base.res_city_co_17524
res_city_zip_417060,417060,41530,8,base.res_city_co_41530
res_city_zip_683581,683581,68522,7,base.res_city_co_68522
res_city_zip_83080,83080,8520,5,base.res_city_co_8520
res_city_zip_683541,683541,68524,7,base.res_city_co_68524
res_city_zip_763531,763531,76520,2,base.res_city_co_76520
res_city_zip_706030,706030,70523,5,base.res_city_co_70523
res_city_zip_731580,731580,73520,8,base.res_city_co_73520
res_city_zip_543050,543050,54518,7,base.res_city_co_54518
res_city_zip_543030,543030,54520,7,base.res_city_co_54520
res_city_zip_943017,943017,94887,8,base.res_city_co_94887
res_city_zip_252010,252010,25524,1,base.res_city_co_25524
res_city_zip_151260,151260,15522,8,base.res_city_co_15522
res_city_zip_973047,973047,97777,8,base.res_city_co_97777
res_city_zip_683521,683521,68533,7,base.res_city_co_68533
res_city_zip_251401,251401,25530,1,base.res_city_co_25530
res_city_zip_252201,252201,25535,1,base.res_city_co_25535
res_city_zip_520001,520001,52001,2,base.res_city_co_52001
res_city_zip_195501,195501,19532,2,base.res_city_co_19532
res_city_zip_154801,154801,15531,8,base.res_city_co_15531
res_city_zip_151820,151820,15533,8,base.res_city_co_15533
res_city_zip_852030,852030,85250,8,base.res_city_co_85250
res_city_zip_150680,150680,15537,8,base.res_city_co_15537
res_city_zip_476040,476040,47541,5,base.res_city_co_47541
res_city_zip_204040,204040,20550,5,base.res_city_co_20550
res_city_zip_173060,173060,17541,6,base.res_city_co_17541
res_city_zip_53850,53850,5541,4,base.res_city_co_5541
res_city_zip_57010,57010,5543,4,base.res_city_co_5543
res_city_zip_660001,660001,66001,6,base.res_city_co_66001
res_city_zip_152460,152460,15542,8,base.res_city_co_15542
res_city_zip_194550,194550,19533,2,base.res_city_co_19533
res_city_zip_681011,681011,68547,7,base.res_city_co_68547
res_city_zip_730501,730501,73547,8,base.res_city_co_73547
res_city_zip_190530,190530,19548,2,base.res_city_co_19548
res_city_zip_632060,632060,63548,6,base.res_city_co_63548
res_city_zip_474040,474040,47545,5,base.res_city_co_47545
res_city_zip_683511,683511,68549,7,base.res_city_co_68549
res_city_zip_134001,134001,13549,5,base.res_city_co_13549
res_city_zip_81060,81060,8549,5,base.res_city_co_8549
res_city_zip_151801,151801,15550,8,base.res_city_co_15550
res_city_zip_414060,414060,41548,8,base.res_city_co_41548
res_city_zip_417030,417030,41551,8,base.res_city_co_41551
res_city_zip_477050,477050,47551,5,base.res_city_co_47551
res_city_zip_735070,735070,73555,8,base.res_city_co_73555
res_city_zip_233040,233040,23555,4,base.res_city_co_23555
res_city_zip_475030,475030,47555,5,base.res_city_co_47555
res_city_zip_527001,527001,52540,2,base.res_city_co_52540
res_city_zip_82040,82040,8558,5,base.res_city_co_8558
res_city_zip_84001,84001,8560,5,base.res_city_co_8560
res_city_zip_190001,190001,19001,2,base.res_city_co_19001
res_city_zip_852050,852050,85263,8,base.res_city_co_85263
res_city_zip_524030,524030,52560,2,base.res_city_co_52560
res_city_zip_763550,763550,76563,2,base.res_city_co_76563
res_city_zip_734520,734520,73563,8,base.res_city_co_73563
res_city_zip_526020,526020,52565,2,base.res_city_co_52565
res_city_zip_880020,880020,88564,8,base.res_city_co_88564
res_city_zip_201001,201001,20570,5,base.res_city_co_20570
res_city_zip_233001,233001,23570,4,base.res_city_co_23570
res_city_zip_663011,663011,66572,6,base.res_city_co_66572
res_city_zip_56440,56440,5576,4,base.res_city_co_5576
res_city_zip_478040,478040,47570,5,base.res_city_co_47570
res_city_zip_684521,684521,68572,7,base.res_city_co_68572
res_city_zip_523540,523540,52573,2,base.res_city_co_52573
res_city_zip_913050,913050,91530,8,base.res_city_co_91530
res_city_zip_912010,912010,91536,8,base.res_city_co_91536
res_city_zip_862060,862060,86568,8,base.res_city_co_86568
res_city_zip_53420,53420,5579,4,base.res_city_co_5579
res_city_zip_155201,155201,15572,8,base.res_city_co_15572
res_city_zip_862080,862080,86569,8,base.res_city_co_86569
res_city_zip_990001,990001,99001,8,base.res_city_co_99001
res_city_zip_81001,81001,8573,5,base.res_city_co_8573
res_city_zip_941037,941037,94884,8,base.res_city_co_94884
res_city_zip_503041,503041,50450,8,base.res_city_co_50450
res_city_zip_235001,235001,23574,4,base.res_city_co_23574
res_city_zip_502041,502041,50568,8,base.res_city_co_50568
res_city_zip_863001,863001,86571,8,base.res_city_co_86571
res_city_zip_864001,864001,86573,8,base.res_city_co_86573
res_city_zip_234030,234030,23580,4,base.res_city_co_23580
res_city_zip_503001,503001,50577,8,base.res_city_co_50577
res_city_zip_502001,502001,50573,8,base.res_city_co_50573
res_city_zip_53430,53430,5585,4,base.res_city_co_5585
res_city_zip_911010,911010,91540,8,base.res_city_co_91540
res_city_zip_686001,686001,68573,7,base.res_city_co_68573
res_city_zip_182050,182050,18592,8,base.res_city_co_18592
res_city_zip_503061,503061,50590,8,base.res_city_co_50590
res_city_zip_813010,813010,81591,7,base.res_city_co_81591
res_city_zip_253480,253480,25572,1,base.res_city_co_25572
res_city_zip_548030,548030,54553,7,base.res_city_co_54553
res_city_zip_915010,915010,91669,8,base.res_city_co_91669
res_city_zip_191501,191501,19573,2,base.res_city_co_19573
res_city_zip_53440,53440,5591,4,base.res_city_co_5591
res_city_zip_687061,687061,68575,7,base.res_city_co_68575
res_city_zip_252801,252801,25580,1,base.res_city_co_25580
res_city_zip_524520,524520,52585,2,base.res_city_co_52585
res_city_zip_193001,193001,19585,2,base.res_city_co_19585
res_city_zip_734501,734501,73585,8,base.res_city_co_73585
res_city_zip_231540,231540,23586,4,base.res_city_co_23586
res_city_zip_253420,253420,25592,1,base.res_city_co_25592
res_city_zip_251840,251840,25594,1,base.res_city_co_25594
res_city_zip_270001,270001,27001,4,base.res_city_co_27001
res_city_zip_634020,634020,63594,6,base.res_city_co_63594
res_city_zip_664001,664001,66594,6,base.res_city_co_66594
res_city_zip_155020,155020,15580,8,base.res_city_co_15580
res_city_zip_253030,253030,25596,1,base.res_city_co_25596
res_city_zip_541050,541050,54599,7,base.res_city_co_54599
res_city_zip_153401,153401,15599,8,base.res_city_co_15599
res_city_zip_153801,153801,15600,8,base.res_city_co_15600
res_city_zip_856050,856050,85279,8,base.res_city_co_85279
res_city_zip_133560,133560,13580,5,base.res_city_co_13580
res_city_zip_52820,52820,5604,4,base.res_city_co_5604
res_city_zip_477020,477020,47605,5,base.res_city_co_47605
res_city_zip_85040,85040,8606,5,base.res_city_co_8606
res_city_zip_501031,501031,50606,8,base.res_city_co_50606
res_city_zip_760540,760540,76606,2,base.res_city_co_76606
res_city_zip_55430,55430,5607,4,base.res_city_co_5607
res_city_zip_252410,252410,25612,1,base.res_city_co_25612
res_city_zip_525030,525030,52612,2,base.res_city_co_52612
res_city_zip_205040,205040,20614,5,base.res_city_co_20614
res_city_zip_273010,273010,27580,4,base.res_city_co_27580
res_city_zip_272050,272050,27600,4,base.res_city_co_27600
res_city_zip_134501,134501,13600,5,base.res_city_co_13600
res_city_zip_735580,735580,73616,8,base.res_city_co_73616
res_city_zip_761030,761030,76616,2,base.res_city_co_76616
res_city_zip_440001,440001,44001,5,base.res_city_co_44001
res_city_zip_54040,54040,5615,4,base.res_city_co_5615
res_city_zip_687511,687511,68615,7,base.res_city_co_68615
res_city_zip_178040,178040,17614,6,base.res_city_co_17614
res_city_zip_277010,277010,27615,4,base.res_city_co_27615
res_city_zip_177060,177060,17616,6,base.res_city_co_17616
res_city_zip_413001,413001,41615,8,base.res_city_co_41615
res_city_zip_528030,528030,52621,2,base.res_city_co_52621
res_city_zip_761550,761550,76622,2,base.res_city_co_76622
res_city_zip_735550,735550,73622,8,base.res_city_co_73622
res_city_zip_153420,153420,15621,8,base.res_city_co_15621
res_city_zip_193550,193550,19622,2,base.res_city_co_19622
res_city_zip_733040,733040,73624,8,base.res_city_co_73624
res_city_zip_687001,687001,68655,7,base.res_city_co_68655
res_city_zip_83040,83040,8634,5,base.res_city_co_8634
res_city_zip_57020,57020,5628,4,base.res_city_co_5628
res_city_zip_85001,85001,8638,5,base.res_city_co_8638
res_city_zip_855050,855050,85300,8,base.res_city_co_85300
res_city_zip_475001,475001,47660,5,base.res_city_co_47660
res_city_zip_55450,55450,5631,4,base.res_city_co_5631
res_city_zip_154601,154601,15632,8,base.res_city_co_15632
res_city_zip_851030,851030,85315,8,base.res_city_co_85315
res_city_zip_153880,153880,15638,8,base.res_city_co_15638
res_city_zip_232540,232540,23660,4,base.res_city_co_23660
res_city_zip_418020,418020,41660,8,base.res_city_co_41660
res_city_zip_172001,172001,17653,6,base.res_city_co_17653
res_city_zip_477040,477040,47675,5,base.res_city_co_47675
res_city_zip_544570,544570,54660,7,base.res_city_co_54660
res_city_zip_733570,733570,73671,8,base.res_city_co_73671
res_city_zip_631020,631020,63690,6,base.res_city_co_63690
res_city_zip_56470,56470,5642,4,base.res_city_co_5642
res_city_zip_153660,153660,15646,8,base.res_city_co_15646
res_city_zip_174001,174001,17662,6,base.res_city_co_17662
res_city_zip_526040,526040,52678,2,base.res_city_co_52678
res_city_zip_705070,705070,70670,5,base.res_city_co_70670
res_city_zip_418060,418060,41668,8,base.res_city_co_41668
res_city_zip_205070,205070,20710,5,base.res_city_co_20710
res_city_zip_682001,682001,68669,7,base.res_city_co_68669
res_city_zip_880001,880001,88001,8,base.res_city_co_88001
res_city_zip_52040,52040,5647,4,base.res_city_co_5647
res_city_zip_232030,232030,23670,4,base.res_city_co_23670
res_city_zip_528501,528501,52835,2,base.res_city_co_52835
res_city_zip_231520,231520,23672,4,base.res_city_co_23672
res_city_zip_735530,735530,73675,8,base.res_city_co_73675
res_city_zip_252620,252620,25645,1,base.res_city_co_25645
res_city_zip_685531,685531,68673,7,base.res_city_co_68673
res_city_zip_703010,703010,70678,5,base.res_city_co_70678
res_city_zip_252020,252020,25649,1,base.res_city_co_25649
res_city_zip_521001,521001,52685,2,base.res_city_co_52685
res_city_zip_231501,231501,23675,4,base.res_city_co_23675
res_city_zip_547010,547010,54670,7,base.res_city_co_54670
res_city_zip_54420,54420,5649,4,base.res_city_co_5649
res_city_zip_232501,232501,23678,4,base.res_city_co_23678
res_city_zip_507011,507011,50680,8,base.res_city_co_50680
res_city_zip_254050,254050,25653,1,base.res_city_co_25653
res_city_zip_545010,545010,54673,7,base.res_city_co_54673
res_city_zip_131520,131520,13620,5,base.res_city_co_13620
res_city_zip_202030,202030,20750,5,base.res_city_co_20750
res_city_zip_152601,152601,15660,8,base.res_city_co_15660
res_city_zip_130540,130540,13647,5,base.res_city_co_13647
res_city_zip_942010,942010,94883,8,base.res_city_co_94883
res_city_zip_133001,133001,13650,5,base.res_city_co_13650
res_city_zip_54810,54810,5652,4,base.res_city_co_5652
res_city_zip_253601,253601,25658,1,base.res_city_co_25658
res_city_zip_861001,861001,86755,8,base.res_city_co_86755
res_city_zip_684031,684031,68679,7,base.res_city_co_68679
res_city_zip_132030,132030,13654,5,base.res_city_co_13654
res_city_zip_134060,134060,13655,5,base.res_city_co_13655
res_city_zip_51070,51070,5656,4,base.res_city_co_5656
res_city_zip_682511,682511,68682,7,base.res_city_co_68682
res_city_zip_177040,177040,17665,6,base.res_city_co_17665
res_city_zip_51410,51410,5658,4,base.res_city_co_5658
res_city_zip_682021,682021,68684,7,base.res_city_co_68684
res_city_zip_154460,154460,15664,8,base.res_city_co_15664
res_city_zip_234010,234010,23682,4,base.res_city_co_23682
res_city_zip_186070,186070,18610,8,base.res_city_co_18610
res_city_zip_950001,950001,95001,8,base.res_city_co_95001
res_city_zip_273070,273070,27660,4,base.res_city_co_27660
res_city_zip_504041,504041,50683,8,base.res_city_co_50683
res_city_zip_705010,705010,70702,5,base.res_city_co_70702
res_city_zip_253250,253250,25662,1,base.res_city_co_25662
res_city_zip_57810,57810,5659,4,base.res_city_co_5659
res_city_zip_444030,444030,44650,5,base.res_city_co_44650
res_city_zip_132010,132010,13657,5,base.res_city_co_13657
res_city_zip_501051,501051,50686,8,base.res_city_co_50686
res_city_zip_521540,521540,52687,2,base.res_city_co_52687
res_city_zip_54430,54430,5660,4,base.res_city_co_5660
res_city_zip_733001,733001,73678,8,base.res_city_co_73678
res_city_zip_152801,152801,15667,8,base.res_city_co_15667
res_city_zip_853030,853030,85325,8,base.res_city_co_85325
res_city_zip_702070,702070,70742,5,base.res_city_co_70742
res_city_zip_704030,704030,70708,5,base.res_city_co_70708
res_city_zip_205050,205050,20770,5,base.res_city_co_20770
res_city_zip_133530,133530,13667,5,base.res_city_co_13667
res_city_zip_507021,507021,50689,8,base.res_city_co_50689
res_city_zip_151201,151201,15673,8,base.res_city_co_15673
res_city_zip_681551,681551,68686,7,base.res_city_co_68686
res_city_zip_862040,862040,86757,8,base.res_city_co_86757
res_city_zip_153820,153820,15676,8,base.res_city_co_15676
res_city_zip_707010,707010,70713,5,base.res_city_co_70713
res_city_zip_521040,521040,52693,2,base.res_city_co_52693
res_city_zip_155040,155040,15681,8,base.res_city_co_15681
res_city_zip_135040,135040,13670,5,base.res_city_co_13670
res_city_zip_702010,702010,70717,5,base.res_city_co_70717
res_city_zip_763030,763030,76670,2,base.res_city_co_76670
res_city_zip_521501,521501,52694,2,base.res_city_co_52694
res_city_zip_51010,51010,5664,4,base.res_city_co_5664
res_city_zip_57830,57830,5665,4,base.res_city_co_5665
res_city_zip_230520,230520,23686,4,base.res_city_co_23686
res_city_zip_53830,53830,5667,4,base.res_city_co_5667
res_city_zip_53030,53030,5670,4,base.res_city_co_5670
res_city_zip_194501,194501,19693,2,base.res_city_co_19693
res_city_zip_473001,473001,47692,5,base.res_city_co_47692
res_city_zip_732020,732020,73443,8,base.res_city_co_73443
res_city_zip_686531,686531,68689,7,base.res_city_co_68689
res_city_zip_182010,182010,18753,8,base.res_city_co_18753
res_city_zip_54010,54010,5674,4,base.res_city_co_5674
res_city_zip_474060,474060,47703,5,base.res_city_co_47703
res_city_zip_522520,522520,52683,2,base.res_city_co_52683
res_city_zip_474020,474020,47707,5,base.res_city_co_47707
res_city_zip_55050,55050,5679,4,base.res_city_co_5679
res_city_zip_527501,527501,52696,2,base.res_city_co_52696
res_city_zip_681021,681021,68705,7,base.res_city_co_68705
res_city_zip_474001,474001,47720,5,base.res_city_co_47720
res_city_zip_130501,130501,13673,5,base.res_city_co_13673
res_city_zip_57050,57050,5042,4,base.res_city_co_5042
res_city_zip_685501,685501,68720,7,base.res_city_co_68720
res_city_zip_730560,730560,73686,8,base.res_city_co_73686
res_city_zip_84080,84080,8675,5,base.res_city_co_8675
res_city_zip_152820,152820,15690,8,base.res_city_co_15690
res_city_zip_412020,412020,41676,8,base.res_city_co_41676
res_city_zip_470001,470001,47001,5,base.res_city_co_47001
res_city_zip_194520,194520,19701,2,base.res_city_co_19701
res_city_zip_661020,661020,66682,6,base.res_city_co_66682
res_city_zip_130520,130520,13683,5,base.res_city_co_13683
res_city_zip_51860,51860,5686,4,base.res_city_co_5686
res_city_zip_150480,150480,15693,8,base.res_city_co_15693
res_city_zip_135001,135001,13688,5,base.res_city_co_13688
res_city_zip_992050,992050,99624,8,base.res_city_co_99624
res_city_zip_154240,154240,15696,8,base.res_city_co_15696
res_city_zip_525570,525570,52699,2,base.res_city_co_52699
res_city_zip_154440,154440,15686,8,base.res_city_co_15686
res_city_zip_191030,191030,19698,2,base.res_city_co_19698
res_city_zip_545030,545030,54680,7,base.res_city_co_54680
res_city_zip_861060,861060,86760,8,base.res_city_co_86760
res_city_zip_706010,706010,70820,5,base.res_city_co_70820
res_city_zip_53040,53040,5690,4,base.res_city_co_5690
res_city_zip_544050,544050,54743,7,base.res_city_co_54743
res_city_zip_83060,83060,8685,5,base.res_city_co_8685
res_city_zip_663001,663001,66687,6,base.res_city_co_66687
res_city_zip_525550,525550,52720,2,base.res_city_co_52720
res_city_zip_815010,815010,81736,7,base.res_city_co_81736
res_city_zip_545530,545530,54720,7,base.res_city_co_54720
res_city_zip_253401,253401,25718,1,base.res_city_co_25718
res_city_zip_150820,150820,15720,8,base.res_city_co_15720
res_city_zip_150801,150801,15723,8,base.res_city_co_15723
res_city_zip_52810,52810,5736,4,base.res_city_co_5736
res_city_zip_251050,251050,25736,1,base.res_city_co_25736
res_city_zip_762530,762530,76736,2,base.res_city_co_76736
res_city_zip_153460,153460,15740,8,base.res_city_co_15740
res_city_zip_250070,250070,25740,1,base.res_city_co_25740
res_city_zip_861020,861020,86749,8,base.res_city_co_86749
res_city_zip_252240,252240,25743,1,base.res_city_co_25743
res_city_zip_192070,192070,19743,2,base.res_city_co_19743
res_city_zip_683561,683561,68745,7,base.res_city_co_68745
res_city_zip_250640,250640,25745,1,base.res_city_co_25745
res_city_zip_135020,135020,13744,5,base.res_city_co_13744
res_city_zip_700001,700001,70001,5,base.res_city_co_70001
res_city_zip_274050,274050,27745,4,base.res_city_co_27745
res_city_zip_477001,477001,47745,5,base.res_city_co_47745
res_city_zip_250051,250051,25754,1,base.res_city_co_25754
res_city_zip_151001,151001,15753,8,base.res_city_co_15753
res_city_zip_151640,151640,15757,8,base.res_city_co_15757
res_city_zip_683551,683551,68755,7,base.res_city_co_68755
res_city_zip_151620,151620,15755,8,base.res_city_co_15755
res_city_zip_152210,152210,15759,8,base.res_city_co_15759
res_city_zip_184010,184010,18756,8,base.res_city_co_18756
res_city_zip_83001,83001,8758,5,base.res_city_co_8758
res_city_zip_185070,185070,18785,8,base.res_city_co_18785
res_city_zip_153030,153030,15761,8,base.res_city_co_15761
res_city_zip_54820,54820,5756,4,base.res_city_co_5756
res_city_zip_51440,51440,5761,4,base.res_city_co_5761
res_city_zip_131501,131501,13760,5,base.res_city_co_13760
res_city_zip_251001,251001,25758,1,base.res_city_co_25758
res_city_zip_154040,154040,15762,8,base.res_city_co_15762
res_city_zip_153480,153480,15764,8,base.res_city_co_15764
res_city_zip_150420,150420,15763,8,base.res_city_co_15763
res_city_zip_193501,193501,19760,2,base.res_city_co_19760
res_city_zip_683041,683041,68770,7,base.res_city_co_68770
res_city_zip_84060,84060,8770,5,base.res_city_co_8770
res_city_zip_190580,190580,19780,2,base.res_city_co_19780
res_city_zip_733580,733580,73770,8,base.res_city_co_73770
res_city_zip_416080,416080,41770,8,base.res_city_co_41770
res_city_zip_250220,250220,25769,1,base.res_city_co_25769
res_city_zip_194060,194060,19785,2,base.res_city_co_19785
res_city_zip_685041,685041,68773,7,base.res_city_co_68773
res_city_zip_703030,703030,70771,5,base.res_city_co_70771
res_city_zip_251040,251040,25772,1,base.res_city_co_25772
res_city_zip_253660,253660,25777,1,base.res_city_co_25777
res_city_zip_178020,178020,17777,6,base.res_city_co_17777
res_city_zip_680501,680501,68780,7,base.res_city_co_68780
res_city_zip_250630,250630,25779,1,base.res_city_co_25779
res_city_zip_150880,150880,15774,8,base.res_city_co_15774
res_city_zip_153860,153860,15776,8,base.res_city_co_15776
res_city_zip_250440,250440,25781,1,base.res_city_co_25781
res_city_zip_153060,153060,15778,8,base.res_city_co_15778
res_city_zip_250230,250230,25785,1,base.res_city_co_25785
res_city_zip_271070,271070,27787,4,base.res_city_co_27787
res_city_zip_132540,132540,13780,5,base.res_city_co_13780
res_city_zip_204020,204020,20787,5,base.res_city_co_20787
res_city_zip_851050,851050,85400,8,base.res_city_co_85400
res_city_zip_814010,814010,81794,7,base.res_city_co_81794
res_city_zip_56020,56020,5789,4,base.res_city_co_5789
res_city_zip_521560,521560,52786,2,base.res_city_co_52786
res_city_zip_523501,523501,52788,2,base.res_city_co_52788
res_city_zip_972040,972040,97666,8,base.res_city_co_97666
res_city_zip_911030,911030,91798,8,base.res_city_co_91798
res_city_zip_52460,52460,5790,4,base.res_city_co_5790
res_city_zip_416001,416001,41791,8,base.res_city_co_41791
res_city_zip_56430,56430,5792,4,base.res_city_co_5792
res_city_zip_151660,151660,15790,8,base.res_city_co_15790
res_city_zip_854030,854030,85410,8,base.res_city_co_85410
res_city_zip_250410,250410,25793,1,base.res_city_co_25793
res_city_zip_411040,411040,41799,8,base.res_city_co_41799
res_city_zip_252610,252610,25797,1,base.res_city_co_25797
res_city_zip_475050,475050,47798,5,base.res_city_co_47798
res_city_zip_250201,250201,25799,1,base.res_city_co_25799
res_city_zip_153201,153201,15798,8,base.res_city_co_15798
res_city_zip_547030,547030,54800,7,base.res_city_co_54800
res_city_zip_412040,412040,41801,8,base.res_city_co_41801
res_city_zip_415001,415001,41797,8,base.res_city_co_41797
res_city_zip_252230,252230,25805,1,base.res_city_co_25805
res_city_zip_153260,153260,15804,8,base.res_city_co_15804
res_city_zip_152260,152260,15806,8,base.res_city_co_15806
res_city_zip_250820,250820,25807,1,base.res_city_co_25807
res_city_zip_548010,548010,54810,7,base.res_city_co_54810
res_city_zip_234501,234501,23807,4,base.res_city_co_23807
res_city_zip_417010,417010,41807,8,base.res_city_co_41807
res_city_zip_193520,193520,19807,2,base.res_city_co_19807
res_city_zip_196030,196030,19809,2,base.res_city_co_19809
res_city_zip_153840,153840,15808,8,base.res_city_co_15808
res_city_zip_151020,151020,15810,8,base.res_city_co_15810
res_city_zip_134040,134040,13810,5,base.res_city_co_13810
res_city_zip_55850,55850,5809,4,base.res_city_co_5809
res_city_zip_150260,150260,15814,8,base.res_city_co_15814
res_city_zip_252840,252840,25815,1,base.res_city_co_25815
res_city_zip_251010,251010,25817,1,base.res_city_co_25817
res_city_zip_154401,154401,15816,8,base.res_city_co_15816
res_city_zip_52050,52050,5819,4,base.res_city_co_5819
res_city_zip_542030,542030,54820,7,base.res_city_co_54820
res_city_zip_707050,707050,70823,5,base.res_city_co_70823
res_city_zip_680541,680541,68820,7,base.res_city_co_68820
res_city_zip_152040,152040,15820,8,base.res_city_co_15820
res_city_zip_253820,253820,25823,1,base.res_city_co_25823
res_city_zip_192001,192001,19821,2,base.res_city_co_19821
res_city_zip_761520,761520,76823,2,base.res_city_co_76823
res_city_zip_152440,152440,15822,8,base.res_city_co_15822
res_city_zip_192570,192570,19824,2,base.res_city_co_19824
res_city_zip_853010,853010,85430,8,base.res_city_co_85430
res_city_zip_761020,761020,76828,2,base.res_city_co_76828
res_city_zip_81020,81020,8832,5,base.res_city_co_8832
res_city_zip_232020,232020,23815,4,base.res_city_co_23815
res_city_zip_763021,763021,76834,2,base.res_city_co_76834
res_city_zip_150001,150001,15001,8,base.res_city_co_15001
res_city_zip_154680,154680,15832,8,base.res_city_co_15832
res_city_zip_525520,525520,52838,2,base.res_city_co_52838
res_city_zip_131001,131001,13836,5,base.res_city_co_13836
res_city_zip_131010,131010,13838,5,base.res_city_co_13838
res_city_zip_57860,57860,5837,4,base.res_city_co_5837
res_city_zip_153630,153630,15835,8,base.res_city_co_15835
res_city_zip_150401,150401,15837,8,base.res_city_co_15837
res_city_zip_150660,150660,15839,8,base.res_city_co_15839
res_city_zip_251260,251260,25839,1,base.res_city_co_25839
res_city_zip_251601,251601,25841,1,base.res_city_co_25841
res_city_zip_762030,762030,76845,2,base.res_city_co_76845
res_city_zip_153240,153240,15842,8,base.res_city_co_15842
res_city_zip_251810,251810,25845,1,base.res_city_co_25845
res_city_zip_278030,278030,27800,4,base.res_city_co_27800
res_city_zip_272030,272030,27810,4,base.res_city_co_27810
res_city_zip_57440,57440,5842,4,base.res_city_co_5842
res_city_zip_505041,505041,50370,8,base.res_city_co_50370
res_city_zip_441020,441020,44847,5,base.res_city_co_44847
res_city_zip_56830,56830,5847,4,base.res_city_co_5847
res_city_zip_445020,445020,44855,5,base.res_city_co_44855
res_city_zip_82060,82060,8849,5,base.res_city_co_8849
res_city_zip_253430,253430,25851,1,base.res_city_co_25851
res_city_zip_52010,52010,5854,4,base.res_city_co_5854
res_city_zip_234530,234530,23855,4,base.res_city_co_23855
res_city_zip_682571,682571,68855,7,base.res_city_co_68855
res_city_zip_733020,733020,73854,8,base.res_city_co_73854
res_city_zip_862020,862020,86865,8,base.res_city_co_86865
res_city_zip_200001,200001,20001,5,base.res_city_co_20001
res_city_zip_56030,56030,5856,4,base.res_city_co_5856
res_city_zip_185050,185050,18860,8,base.res_city_co_18860
res_city_zip_52830,52830,5858,4,base.res_city_co_5858
res_city_zip_685561,685561,68861,7,base.res_city_co_68861
res_city_zip_730580,730580,73861,8,base.res_city_co_73861
res_city_zip_56420,56420,5861,4,base.res_city_co_5861
res_city_zip_252030,252030,25506,1,base.res_city_co_25506
res_city_zip_153640,153640,15861,8,base.res_city_co_15861
res_city_zip_253650,253650,25862,1,base.res_city_co_25862
res_city_zip_761530,761530,76863,2,base.res_city_co_76863
res_city_zip_680527,680527,68867,7,base.res_city_co_68867
res_city_zip_253230,253230,25867,1,base.res_city_co_25867
res_city_zip_174030,174030,17867,6,base.res_city_co_17867
res_city_zip_56820,56820,5873,4,base.res_city_co_5873
res_city_zip_760550,760550,76869,2,base.res_city_co_76869
res_city_zip_546010,546010,54871,7,base.res_city_co_54871
res_city_zip_154001,154001,15407,8,base.res_city_co_15407
res_city_zip_250430,250430,25843,1,base.res_city_co_25843
res_city_zip_541030,541030,54874,7,base.res_city_co_54874
res_city_zip_191060,191060,19845,2,base.res_city_co_19845
res_city_zip_861080,861080,86885,8,base.res_city_co_86885
res_city_zip_254030,254030,25871,1,base.res_city_co_25871
res_city_zip_731501,731501,73870,8,base.res_city_co_73870
res_city_zip_176001,176001,17873,6,base.res_city_co_17873
res_city_zip_130530,130530,13873,5,base.res_city_co_13873
res_city_zip_445001,445001,44874,5,base.res_city_co_44874
res_city_zip_684021,684021,68872,7,base.res_city_co_68872
res_city_zip_855030,855030,85440,8,base.res_city_co_85440
res_city_zip_250810,250810,25873,1,base.res_city_co_25873
res_city_zip_734060,734060,73873,8,base.res_city_co_73873
res_city_zip_500001,500001,50001,8,base.res_city_co_50001
res_city_zip_411020,411020,41872,8,base.res_city_co_41872
res_city_zip_253410,253410,25875,1,base.res_city_co_25875
res_city_zip_252660,252660,25878,1,base.res_city_co_25878
res_city_zip_153450,153450,15879,8,base.res_city_co_15879
res_city_zip_504061,504061,50711,8,base.res_city_co_50711
res_city_zip_177020,177020,17877,6,base.res_city_co_17877
res_city_zip_253840,253840,25885,1,base.res_city_co_25885
res_city_zip_523001,523001,52885,2,base.res_city_co_52885
res_city_zip_412080,412080,41885,8,base.res_city_co_41885
res_city_zip_53010,53010,5885,4,base.res_city_co_5885
res_city_zip_52030,52030,5887,4,base.res_city_co_5887
res_city_zip_971007,971007,97889,8,base.res_city_co_97889
res_city_zip_53020,53020,5890,4,base.res_city_co_5890
res_city_zip_53410,53410,5893,4,base.res_city_co_5893
res_city_zip_850001,850001,85001,8,base.res_city_co_85001
res_city_zip_761040,761040,76890,2,base.res_city_co_76890
res_city_zip_760501,760501,76892,2,base.res_city_co_76892
res_city_zip_132040,132040,13894,5,base.res_city_co_13894
res_city_zip_684061,684061,68895,7,base.res_city_co_68895
res_city_zip_476050,476050,47960,5,base.res_city_co_47960
res_city_zip_52440,52440,5895,4,base.res_city_co_5895
res_city_zip_762520,762520,76895,2,base.res_city_co_76895
res_city_zip_152680,152680,15897,8,base.res_city_co_15897
res_city_zip_253010,253010,25898,1,base.res_city_co_25898
res_city_zip_250251,250251,25899,1,base.res_city_co_25899
res_city_zip_478020,478020,47980,5,base.res_city_co_47980